{
  "name": "Geopad Keypad",
  "vendorId": "0x2023",
  "productId": "0x0007",
  "lighting": "none",
  "matrix": {
    "rows": 5,
    "cols": 7
  },
  "layouts": {
    "keymap": [
      [{"y": 0.38, "x": 5.2}, "0,5"],
      [{"y": -0.81, "x": 2.2}, "0,2"],
      [{"y": -0.93, "x": 4.2},  "0,4"],
      [{"y": -0.72, "x": 3.2}, "0,3"],
      [{"y": -0.96, "x": 1.2, "c": "#777777"}, "0,1"],
      [{"y": -0.96, "x": 6.2, "c": "#cccccc"}, "0,6"],
      [{"y": -0.6199999999999999, "x": 5.2}, "1,5"],
      [{"y": -0.81, "x": 2.2}, "1,2"],
      [{"y": -0.9300000000000002, "x": 4.2}, "1,4"],
      [{"y": -0.72, "x": 3.2}, "1,3"],
      [{"y": -0.9199999999999999, "x": 6.2}, "1,6"],
      [{"y": -0.6200000000000001, "x": 5.2}, "2,5"],
      [{"y": -0.8999999999999999, "x": 1.2, "c": "#aaaaaa", "h": 1.25}, "2,1"],
      [{"y": -0.9100000000000001, "x": 2.2, "c": "#cccccc"}, "2,2"],
      [{"y": -0.9300000000000002, "x": 4.2}, "2,4"],
      [{"y": -0.7199999999999998, "x": 3.2}, "2,3"],
      [{"y": -0.9199999999999999, "x": 6.2}, "2,6"],
      [{"y": -0.69, "x": 0.2, "c": "#aaaaaa", "h": 1.25}, "3,0"],
      [{"y": -0.9300000000000002, "x": 5.2, "c": "#cccccc"}, "3,5"],
      [{"y": -0.81, "x": 2.2}, "3,2"],
      [{"y": -0.9300000000000002, "x": 4.2}, "3,4"],
      [{"y": -0.7199999999999998, "x": 3.2}, "3,3"],
      [{"y": -0.9199999999999999, "x": 6.2}, "3,6"],
      [{"y": -0.8200000000000003, "x": 1.2, "c": "#aaaaaa", "h": 1.25}, "4,1"],
      [{"y": -0.17999999999999972, "x": 4.2, "h": 1.25}, "4,4"],
      [{"r": 27, "rx": 5.25, "ry": 6.28, "y": -1.5300000000000002, "x": 0.040000000000000036, "h": 1.25},"4,5"],
      [{"r": 45, "rx": 6.25, "ry": 6.75, "y": -1.75, "x": 0.04999999999999982, "c": "#cccccc", "h": 1.5}, "4,6"]
    ]
  }
}
